trdmn,mkt_rf,smb,hml,umd,rf,smb_equal,hml_equal,umd_equal,rmw,cma,rmw_equal,cma_equal
199402,-0.005733448,-0.00979825,-0.030990519,-0.026590251,0.008719,-0.027549453,-0.046225405,-0.036616959,0.0096924566,0.0048795538,0.0427227805,0.0053676741
199403,-0.140417362,0.1011218906,0.0445735689,0.1881391873,0.008719,0.1009953872,0.0621829457,0.1367931461,-0.15574424,-0.070236096,-0.104735895,-0.03121357
199404,-0.168803863,0.0528664209,0.0374895121,0.0083276498,0.008719,0.0494970947,0.0323197487,-0.022157113,0.0116578088,-0.009700877,-0.005095,0.0162540851
199405,-0.050044268,0.0033944821,-0.007816317,-0.016820707,0.008719,0.0221255641,0.0146680578,0.0333559842,0.0545802258,-0.036817085,0.0234531577,-0.028613077
199406,-0.1576434,-0.013240454,0.0164682341,0.0263821754,0.008719,-0.009669261,0.0219911751,0.0442008029,0.0261935851,0.0188870606,0.0149113073,0.0202822004
199407,-0.245339974,-0.118368638,0.1057715457,-0.1164324,0.008719,-0.109548621,0.0955717946,-0.05829226,0.0858730237,-0.064570423,0.0758162661,-0.079092921
199408,1.126362308,0.3742695952,-0.404816759,0.4866916154,0.008719,0.3186502248,-0.299477275,0.2762475927,-0.338384926,0.5241013468,-0.395808743,0.6088785368
199409,0.0507596402,0.1734066461,0.1473678465,-0.006934712,0.008719,0.1572463032,0.1240171083,-0.068124552,0.0074901222,0.0342198546,-0.008037205,0.0796297699
199410,-0.209376151,0.0388917038,-0.002298847,0.0098859044,0.008719,0.0282517408,0.0039894648,0.0209442408,-0.014199637,0.0336856517,-0.018063147,0.0276380345
199411,0.0285504837,0.0192041273,-0.032660917,0.0926601325,0.008719,0.0231455647,-0.030053208,0.0893216715,-0.023717651,0.0216823422,-0.027545777,0.0269549824
199412,-0.065554535,0.0105483957,-0.00326143,-0.009143983,0.008719,0.0113296163,-0.011792083,0.0022633207,-0.009972573,0.0014175419,-0.009918481,0.0143751205
199501,-0.131828842,-0.034582942,0.0155784438,-0.055745451,0.008719,-0.027373629,0.0148399843,-0.050222057,0.0357976008,-0.046825744,0.0256890017,-0.054137066
199502,-0.025635046,-0.000629284,0.0280252552,-0.034131923,0.008719,-0.003357482,0.0266822524,-0.029873485,0.0099340365,0.0184775742,0.0098060846,0.0015631575
199503,0.1218537372,0.0340731054,-0.058546876,0.1138973589,0.008719,0.0351454792,-0.045478008,0.0914395247,-0.029490442,0.0432332853,-0.025905456,0.0581985129
199504,-0.117091474,0.0145023299,0.0086709862,-0.005170196,0.008719,0.0198948921,0.0056832622,0.0063302933,-0.007906047,-0.009751469,-0.00887713,-0.014123317
199505,0.1512702597,0.0907392852,-0.11196654,0.1577417533,0.008719,0.0900420287,-0.089902761,0.1290466736,-0.070631934,0.10232602,-0.060210442,0.0984614842
199506,-0.090082862,-0.026686026,0.0289609262,-0.060316699,0.008719,-0.029395194,0.0101718181,-0.056041874,0.017053778,-0.009398571,0.0145575327,-0.010022238
199507,0.0596539117,-0.005305571,0.0364829426,-0.025338225,0.008719,-0.010380819,0.0331813644,-0.021276471,0.074198778,0.032370575,0.0666529646,0.0083649006
199508,0.0486764081,-0.036938979,0.1377206481,-0.101164629,0.008719,-0.036950525,0.1292027189,-0.101263883,0.0132216431,0.0323542258,0.0028945029,-0.005898435
199509,-0.010066321,-0.012009478,0.0779728918,0.051042513,0.008719,-0.014998943,0.0755620159,0.0190133714,0.0297754558,0.0524582619,-0.00212674,0.0187267926
199510,0.0058000181,0.0050886468,0.0562474393,0.0421456743,0.008719,0.0008722428,0.0429987881,0.0277644292,0.027609804,0.0392839432,0.0149172715,0.0125138896
199511,-0.087035426,0.0096345921,-0.081959597,-0.090105366,0.008719,0.0163991339,-0.061808318,-0.079363369,-0.046621061,-0.030134657,-0.023393335,0.0014126587
199512,-0.119050503,-0.009106588,0.0141735991,-0.015879965,0.008719,-0.007294,0.0197114958,-0.006628851,-0.030284532,-0.006840184,-0.035256256,0.0013364359
199601,-0.044621569,0.003543677,0.0841393709,0.0637763089,0.008719,0.0010176659,0.0725756705,0.050669658,0.0297079117,0.0353234043,0.0113178487,0.0069321652
199602,0.0208925224,-0.012137724,-0.029700349,-0.019326434,0.008719,-0.010119992,-0.034883112,-0.020719719,0.0129173633,-0.010123057,0.0191432015,-0.008320568
199603,-0.006803541,0.0030497352,0.0027564754,0.0295736607,0.008719,0.001922433,-0.003666857,0.0181880663,0.0255563637,0.0104864072,0.0125901437,0.0014245893
199604,0.3056085713,0.0356663593,0.0678834568,-0.066153312,0.008719,0.023315016,0.0801651239,-0.02444024,-0.161650401,0.0032921131,-0.15081731,0.0429302827
199605,-0.040935333,-0.09128146,0.0557031693,0.0698449396,0.007346,-0.072709374,0.045070271,0.0454354414,0.0105271497,0.0361779457,-0.017009842,-0.00238258
199606,0.2086000046,-0.126517865,0.073689645,0.1106875921,0.007346,-0.092072,0.0641324518,0.113193429,0.1362945708,0.1187395682,-0.013176516,0.0682425038
199607,0.1842708192,0.0362873645,0.2542074642,0.1581433845,0.007346,-0.002478326,0.3016709409,0.1980859141,-0.019863377,0.0115681801,-0.006303088,0.0401018751
199608,0.0030084989,-0.075924043,0.0287148589,0.0662062143,0.006022,-0.055217345,0.0345422809,0.0412354097,0.0332070789,-0.033903496,0.0671179054,-0.044671776
199609,0.0447543569,0.0006624084,0.0223442364,0.0038591571,0.006022,0.0071074385,0.0462364711,0.0137039317,-0.097250524,0.0126690888,-0.039416621,-0.015192441
199610,0.2747645533,0.142345569,0.3271774628,0.0211106447,0.006022,0.1103574877,0.3425571971,0.0842087198,-0.226292749,0.1638373589,-0.231600745,0.2001981642
199611,0.0863466013,0.0429573589,0.072552833,0.0268450611,0.006022,0.0331246538,0.0721938539,0.0582215245,0.0021760368,0.0079336649,-0.01034311,0.0241376959
199612,-0.212681795,-0.085783511,-0.113539003,-0.080229114,0.006022,-0.065494843,-0.115551402,-0.1178673,0.1392899548,-0.063749964,0.1165204824,-0.070090155
199701,0.0936382656,0.0382469358,0.0582406943,0.0536973802,0.006022,0.0265644748,0.0550412382,0.0571008915,-0.038735823,0.0056513053,-0.026369888,0.0109471435
199702,0.067342704,0.0334619104,-0.031456414,-0.09928252,0.006022,0.0291478458,-0.036391388,-0.107208849,-0.042968626,0.016140267,-0.068919584,0.0396490181
199703,0.1917561054,0.0240606482,-0.037928596,0.0026266987,0.006022,0.035705996,-0.054750833,-0.025021003,0.0575187833,-0.094089343,0.0132873928,-0.074100731
199704,0.110803336,-0.079280859,-0.045854307,0.0423124985,0.006022,-0.041657988,-0.054651096,0.014254056,0.1147774245,-0.151464359,0.0606847437,-0.111127223
199705,-0.086131224,-0.049294883,0.0383428546,0.0577648319,0.006022,-0.022313891,0.0340179432,0.0319555801,0.0944836206,-0.045349786,0.0449648539,-0.011157854
199706,0.0088604802,-0.023474548,0.0097757733,0.1113090706,0.006022,-0.003440769,0.0057616026,0.0845062233,0.0555166307,-0.075720861,0.0269905511,-0.031960129
199707,-0.089252549,0.0494519112,0.0374560721,-0.081689424,0.006022,0.0383026609,0.0228357635,-0.072735616,-0.032424004,-0.002304067,-0.028429465,0.0186921422
199708,-0.002554936,0.019627271,0.1007923654,-0.142124539,0.006022,0.0059772709,0.0864647401,-0.112681324,-0.1055561,0.0735812001,-0.080908777,0.0455516819
199709,-0.133943243,0.0368453422,-0.031352418,-0.016723171,0.006022,0.0543657529,-0.026483015,-0.039888786,0.0155923358,-0.00520216,-0.020527737,0.0448396796
199710,0.1203442913,-0.044937582,-0.039035017,0.0255469386,0.004606,-0.036469227,-0.038197764,0.001693341,0.0352289025,-0.002125443,0.0264761066,-0.023197839
199711,-0.054623749,0.0331376258,-0.020126349,0.0287690601,0.004606,0.0395855326,-0.010859119,0.0277589874,0.0213344758,-0.011683101,0.0053034905,0.0104656628
199712,0.0423981463,0.0422196831,-0.048750629,0.0619643049,0.004606,0.0454423534,-0.049265748,0.0294936749,0.047480708,-0.066518227,0.0255522502,-0.011047428
199801,0.0257201146,0.0331669765,-0.002646086,0.0196613302,0.004606,0.0241229877,-0.005637028,0.0119641573,0.0080394665,-0.003508435,-0.001159471,0.0107819325
199802,-0.020782519,0.0238973998,0.0443830392,-0.076734829,0.004606,0.0184578423,0.044978814,-0.047492885,-0.079609089,0.0382362831,-0.061272082,0.0175733049
199803,0.0262446759,0.0490677925,0.0096517546,0.0095065748,0.004249,0.0573042059,0.0166244015,0.0253593175,-0.032576502,0.0582226105,-0.053196314,0.0805342087
199804,0.0850515375,0.0624388472,-0.002843374,0.0031953323,0.004249,0.044657589,0.0106735471,0.0202159963,-0.005767427,0.0162087133,0.013366785,0.0160387596
199805,0.0632190297,0.0731779158,0.0363588782,-0.027410073,0.004249,0.0483869931,0.0373268216,-0.038600015,-0.085004902,0.0486511745,-0.071000613,0.0395937236
199806,-0.078245298,0.0106988696,-0.029595524,0.0516402528,0.004249,0.0027040162,-0.034406876,0.0329225503,0.0127645812,0.0043739916,0.0504899571,-0.011536728
199807,-0.01294068,0.0305174571,0.0221853961,0.0098655225,0.003891,0.0335438003,0.0134364567,0.0123473871,-0.019118299,0.0258768986,-0.033241413,0.0488145954
199808,-0.12962574,0.0267399978,-0.008487404,0.0777007111,0.003891,0.0269650307,-0.000325395,0.0736531822,-0.030909847,0.0150289173,-0.032033954,0.0328582339
199809,0.0728366451,0.0880143672,0.0057437495,-0.005210828,0.003891,0.0842537015,-0.00898617,-0.021911369,-0.054584435,0.0436292074,-0.037458091,0.0252065789
199810,-0.014168281,0.0472121025,-0.04512125,0.0343177287,0.003891,0.0426383937,-0.046063185,0.0189049105,-0.00711954,-0.005544161,-0.003007143,-0.014132071
199811,0.0124967527,-0.017620339,-0.026495592,-0.031749191,0.003891,-0.017963214,-0.015628857,-0.028755107,0.0342273328,-0.022684427,0.0236329502,-0.012745754
199812,-0.090813317,-0.027001964,-0.004753416,-0.033285118,0.003097,-0.026103291,0.0001614612,-0.04010935,0.0299572868,-0.015985185,0.0289825308,-0.020838897
199901,-0.007500713,0.01493358,0.0077615004,0.0124514819,0.003097,0.0106202697,0.008258778,0.0213769089,-0.01335711,-0.012439156,-0.011972223,-0.004729268
199902,-0.044761525,0.0094676506,-0.002702581,0.0207479847,0.003097,0.013673734,0.0001763106,0.0228960054,0.0076620309,0.0005819883,0.0065132376,0.0038072481
199903,0.0648053838,0.067325296,0.0593755799,-0.010724352,0.003097,0.0658046544,0.0522773597,-0.026191716,-0.091756304,0.0702815797,-0.094460856,0.0748234739
199904,-0.040707831,-0.007288607,0.0303737932,-0.004299354,0.003097,-0.012243068,0.0295180066,-0.005837926,-0.007140463,-0.000475103,-0.005780992,-0.010386589
199905,0.1031355445,-0.023705048,-0.061986244,0.0248057464,0.003097,-0.014674698,-0.048446557,0.0423719543,0.0206389383,-0.03883157,0.0124157644,-0.055394304
199906,0.3627292113,-0.096532573,-0.007712719,0.0507982662,0.001856,-0.075538131,0.0026321474,0.0265655773,0.0134509104,0.0252899239,0.0291187358,0.0300420259
199907,-0.068912034,0.0313360644,0.0021887353,-0.006535932,0.001856,0.0329571498,-0.000872922,-0.022419704,-0.010880247,0.0304265317,-0.023508624,0.0392309451
199908,0.006499223,0.0716475502,0.0421125438,-0.05323931,0.001856,0.0620290889,0.037570169,-0.041733695,-0.059977676,0.0676770777,-0.057879922,0.0582366281
199909,-0.031113805,0.0052926739,-0.015493928,-0.020392605,0.001856,0.0062546467,-0.01618417,-0.02709106,0.0025946736,-0.011613772,0.0039574686,-0.011281711
199910,-0.052886962,0.0271707395,-0.005727154,-0.0224468,0.001856,0.0235240721,-0.007368374,-0.016848919,-0.014483217,0.0063059136,-0.009488077,0.0074520517
199911,-0.044541732,0.033371138,0.0043138337,-0.024825699,0.001856,0.0317886324,0.0031180052,-0.025987673,-0.021876094,0.0123575458,-0.023065407,0.0096774935
199912,-0.048543674,-0.017469353,-0.050474704,0.0359488775,0.001856,-0.012286987,-0.039251233,0.0347736414,0.0379459341,-0.031364328,0.0344962502,-0.016113726
200001,0.170362874,-0.03341066,-0.087563337,0.2129672138,0.001856,-0.035366569,-0.067505069,0.1822452618,0.0197058997,-0.034713648,0.0361501343,-0.040682664
200002,0.1262946603,0.0301501033,-0.00041817,0.0222555556,0.001856,0.0303360456,-0.0032475,0.0110385414,-0.017309538,0.0411642315,-0.029535269,0.0182555407
200003,0.0521725074,0.0861944087,0.03761925,-0.113611081,0.001856,0.0839493831,0.0236858316,-0.128430055,-0.073698703,0.0511091501,-0.077955356,0.0912553289
200004,0.0108438874,-0.006829104,-0.000645082,-0.044750498,0.001856,-0.002416879,0.0076518593,-0.040083249,-0.008343064,-0.010504067,0.0027276348,-0.006585163
200005,0.0254020036,0.0178782771,0.0258265983,-0.008286892,0.001856,0.0155214704,0.0248906809,0.0007178152,-0.020856063,0.0036956044,-0.015893562,-0.00562273
200006,0.0221409577,-0.021282413,0.0254404719,-0.062484936,0.001856,-0.028597151,0.0161830987,-0.055360831,0.0179040538,0.0030799989,0.0292179262,-0.011694724
200007,0.0433162248,0.0357694578,0.0263619971,-0.013161342,0.001856,0.0360077034,0.0290487251,-0.035703285,-0.019981798,0.0465815629,-0.038531725,0.0571318773
200008,-0.006947659,0.0476042598,-0.004633101,0.0035733701,0.001856,0.0451673757,-0.007708545,-0.011431148,-0.036540382,0.0145644155,-0.052779892,0.0367858144
200009,-0.049616604,0.026235123,-0.037813045,0.0414979104,0.001856,0.0254033427,-0.038047711,0.0411861589,-0.014278387,0.0146665795,-0.022108464,0.026826563
200010,0.0200083248,0.0355753716,0.0323988605,-0.025399159,0.001856,0.0341077452,0.0297537756,-0.029587689,-0.020490099,0.0207558219,-0.017826451,0.0195000618
200011,0.0544505176,0.0082765391,0.009167382,-0.021408597,0.001856,0.0088865037,0.0142254578,-0.025305479,0.0076913596,0.0063159276,0.0055835586,0.0061504537
200012,-0.00547003,0.0068798323,0.007345375,-0.011673761,0.001856,0.0076210011,0.0044915666,-0.023547019,0.0183619051,-0.007473686,0.0207712001,-0.010415936
200101,-0.011372325,-0.006089436,0.041194383,-0.000564049,0.001856,-0.011565739,0.038192693,-0.008684663,0.005139801,0.0028639367,0.0082958386,-0.004010557
200102,-0.061454889,-0.014036415,0.0322932242,0.0256219811,0.001856,-0.016120262,0.0335881247,0.0243243128,0.027719238,-0.007469713,0.0351271869,-0.016730753
200103,0.0735459118,0.0340059709,0.0098473139,-0.010059865,0.001856,0.0327389601,0.0071774677,0.0004369962,-0.021273051,0.002187976,-0.023610291,0.0111551346
200104,-0.008835657,0.0303915892,-0.034351861,0.0020438766,0.001856,0.0305801313,-0.031626437,0.0019567714,-0.023722792,0.0172049909,-0.03363202,0.0230037034
200105,0.0307242816,0.0641373918,-0.004393979,0.0246791471,0.001856,0.0626913898,-0.005395116,0.0232540065,-0.036777401,0.0230971225,-0.044068029,0.0292020355
200106,-0.002168058,0.0083918014,0.020561934,-0.014108797,0.001856,0.0015654945,0.0120361715,-0.019845363,-0.004975497,0.0108985497,0.0036049084,0.0023858201
200107,-0.133306911,-0.003183685,-0.008800424,0.030438598,0.001856,-0.001819613,-0.00689416,0.0158362579,0.0053813265,0.0026260354,-0.002413351,0.006008185
200108,-0.036158841,0.0158418355,-0.00274247,0.0250959594,0.001856,0.019565005,-0.006651206,0.0167381584,0.003755397,0.0042012938,-0.006478867,0.0135489466
200109,-0.057503179,-0.024708766,0.0210092906,-0.027664129,0.001856,-0.029693634,0.0079355782,-0.034656453,0.0107856502,-0.007752724,0.0268888577,-0.028678996
200110,-0.051907186,-0.008843763,0.0280754742,-0.012145445,0.001856,-0.00231569,0.027786051,-0.008145689,-0.013834816,0.0187143831,-0.010513759,0.0153626722
200111,0.0382426648,0.0256302965,0.0072761887,-0.052119347,0.001856,0.0191065056,0.0068616529,-0.054158494,-0.014494227,0.0085135259,-0.014103188,0.0097736001
200112,-0.064428451,-0.020278538,0.0141006181,0.0227542921,0.001856,-0.014615631,0.0137585146,0.0106261224,0.0575287799,-0.033145481,0.0495532553,-0.038178479
200201,-0.109302284,-0.034324203,-0.000325934,0.0455513481,0.001856,-0.026277099,0.0043295532,0.0521641549,0.0459921028,-0.032564789,0.047833061,-0.033496134
200202,0.0273642323,0.0140592118,0.0025737172,-0.051227233,0.001635,0.0085290233,-0.009532195,-0.059525776,-0.021414954,0.0148741967,-0.027458821,0.0240197931
200203,0.0653863987,0.0259643665,-0.002572513,-0.045959805,0.001635,0.0204588931,-0.003040404,-0.048529752,-0.025936901,0.0197954279,-0.020971654,0.0153131825
200204,0.0393307574,0.0337415598,0.0295607567,-0.021658664,0.001635,0.0323704113,0.0272449732,-0.020421299,-0.029138352,0.0316855762,-0.029097483,0.0265746473
200205,-0.085001818,0.0008652406,-0.013841976,0.0037021223,0.001635,0.0029328532,-0.010007097,0.000947267,-0.012548416,0.004929488,-0.014214734,0.0085381648
200206,0.1244827775,-0.034022027,0.0500251385,-0.018760095,0.001635,-0.031096135,0.0472786202,-0.022250528,0.0103294309,0.0157484161,0.0155024658,-0.000965425
200207,-0.042629433,0.0109317913,-0.00859298,-0.002138055,0.001635,0.0091247858,-0.007417599,-0.001178684,0.0047160135,-0.011682259,0.0025815343,-0.008738426
200208,0.0037973493,0.0069296363,-0.001441883,0.0004631783,0.001635,0.0088376728,-0.002918596,-0.003627217,0.0097114023,-0.000111041,0.0110581342,-0.003444742
200209,-0.057087772,-0.006807488,-0.007135529,0.0258284885,0.001635,-0.003030916,-0.005076409,0.0253596538,0.0224090526,-0.019590332,0.0196454213,-0.016161756
200210,-0.051335801,-0.013650158,-0.002369261,0.0092677347,0.001635,-0.01168955,-0.001909973,0.0082748998,0.0042914526,-0.004335512,0.0043015761,0.0006505478
200211,-0.065027445,-0.030180295,-0.001738882,0.0286316462,0.001635,-0.020941908,0.0031019212,0.033273715,0.0288426667,-0.029863673,0.0270804583,-0.017123612
200212,-0.048839635,0.0029240463,-0.017561896,0.0170932759,0.001635,0.0073796514,-0.018040184,0.0053705323,0.0240887917,-0.011217186,0.0108671531,0.0026718191
200301,0.0894348267,0.0190156823,0.0217108156,-0.049018916,0.001635,0.0163492055,0.0117116211,-0.055815408,-0.034324239,0.0270838287,-0.027144239,0.0217796135
200302,0.0100755796,0.0089966584,0.0013499358,-0.000891087,0.001635,0.0074925266,0.0017521221,-0.002408846,-0.003064765,0.004117187,-0.00241426,-0.000169115
200303,-0.01780629,-0.016393764,0.0179300217,0.0434001332,0.001635,-0.011236859,0.018137494,0.0362334052,0.025847329,-0.015210948,0.0188966662,-0.009194725
200304,-0.018864144,-0.037772364,0.0469768336,0.0841033404,0.001635,-0.035210297,0.0429939493,0.0789388984,0.0541861447,-0.036473341,0.0649193416,-0.032463683
200305,0.0456896062,-0.01296294,0.0050280631,-0.009985885,0.001635,-0.01138893,0.0070450206,-0.008808468,-0.007797623,0.0041548091,-0.006697553,-0.00137775
200306,-0.067247673,-0.003739009,-0.002951338,0.0116311692,0.001635,0.0026331342,-0.005187594,-0.000254993,0.0085616718,-0.007807746,0.0017824667,0.0008436493
200307,-0.011990128,-0.042718141,0.0012705647,0.0467990505,0.001635,-0.030994292,0.0031686172,0.0412047979,0.0351960238,-0.022711315,0.0251319187,-0.014916596
200308,-0.0325589,0.0111279113,-0.013532025,-0.034597728,0.001635,0.0134324234,-0.013251383,-0.036019609,-0.013896146,0.0005475635,-0.008276523,0.0035349886
200309,-0.043935752,-0.00760454,0.0065759943,0.0065705236,0.001635,-0.006359823,0.0112269291,0.0072097774,0.0021515357,-0.003572415,-0.000746511,-0.002953212
200310,-0.040743265,-0.053397419,0.0382376537,0.0833924984,0.001635,-0.042684902,0.0419838761,0.082311863,0.0783464828,-0.044112137,0.0651310353,-0.035374366
200311,0.0222800084,-0.009765915,0.0373531854,-0.022123689,0.001635,-0.015306544,0.0278767389,-0.023510591,0.0127791026,0.0064613167,0.0207104983,-0.013043284
200312,0.0210349624,-0.055053317,0.0455070954,0.1054751181,0.001635,-0.041256337,0.0382857237,0.1053542088,0.0795722051,-0.046440263,0.0633883103,-0.039819061
200401,0.073668487,0.0197520159,0.0051157207,-0.072073701,0.001635,0.0110647033,-0.008621571,-0.071381128,-0.025277163,0.0164639648,-0.017842791,-0.000465756
200402,0.0732101406,0.0302933339,-0.000118839,-0.072400581,0.001635,0.0200082529,-0.010476789,-0.068724752,-0.046760608,0.0262875812,-0.028565053,0.0236821656
200403,0.0348946724,0.0183499672,0.0160393474,-0.009576651,0.001635,0.0161249656,0.0175827122,-0.015088467,0.0034109903,-0.012465248,-0.00389382,-0.010118397
200404,-0.103841058,0.0161505345,0.0335648577,0.0578601829,0.001635,0.0043514853,0.0253089284,0.0275089053,0.0201259144,0.0079842137,0.0285157113,-0.014576942
200405,-0.024177378,0.0198742795,0.0117734666,0.0105541222,0.001635,0.0185934145,0.0054389439,-0.006155798,-0.010319918,-0.005270416,-0.014030752,-0.001022414
200406,-0.11781212,-0.018215398,0.003232322,0.0249877859,0.001635,-0.008494237,0.0079078374,0.0145746412,0.046115878,-0.017466145,0.0383086104,-0.018196274
200407,-0.002368139,-0.047252008,0.0072771622,0.0395702348,0.001635,-0.048711739,0.0079852453,0.0521487073,0.0361057998,-0.018719509,0.0445261896,-0.008333624
200408,-0.046081492,-0.00069957,0.0232327347,0.0118538625,0.001635,0.0084256014,0.0235477167,-0.006843167,0.0220145738,-0.005348009,0.0088384186,-0.005604728
200409,0.0554700093,-0.021607261,-0.001861831,0.0282005018,0.001635,-0.019844558,-0.002689533,0.0246072332,0.0399746094,-0.042232689,0.0328377067,-0.027779144
200410,-0.055285995,-0.035751565,-0.006068184,0.0701727026,0.001856,-0.03636181,-0.000406289,0.075269727,0.0422749818,-0.027231347,0.0509217529,-0.038442808
200411,0.0224490019,0.0408475687,-0.003169636,-0.076970194,0.001856,0.0345977764,-0.008820545,-0.080682088,-0.051170427,0.0116678517,-0.053090651,0.0164348881
200412,-0.070649653,-0.021369973,0.0047914163,0.0532919083,0.001856,-0.008975856,0.0018355105,0.0400006241,0.0389792939,-0.027507977,0.0238877622,-0.019895974
200501,-0.059441081,-0.011125123,-0.003726174,0.0084430562,0.001856,0.0047047686,-0.008144525,-0.004183801,0.0273805845,-0.013009866,0.0046196336,0.004033128
200502,0.0933924644,0.0127534711,0.0090821491,-0.038231484,0.001856,-0.000164035,0.001088931,-0.02342206,-0.014275869,-0.0126543,-0.003886498,-0.006398272
200503,-0.107158416,-0.025123379,0.0011052898,0.0853218344,0.001856,-0.009249288,-0.000694027,0.0507881566,0.0565471709,-0.030502335,0.0371872852,-0.017991021
200504,-0.038247142,-0.049412492,0.0260977019,0.0856961391,0.001856,-0.040696613,0.0151012357,0.0995770744,0.0763535092,-0.021764929,0.0592964886,-0.011180801
200505,-0.071624266,0.0392941845,-0.01408165,-0.112093678,0.001856,0.0274580884,-0.001811616,-0.093554068,-0.067923664,0.0372511922,-0.048699811,0.0214234261
200506,0.0075579253,-0.017135799,0.0002412181,0.0452856003,0.001856,-0.001383004,0.008099467,0.0311677748,0.0386074042,-0.000028072,0.0212503313,-0.01821133
200507,-0.021646262,-0.083741227,-0.001992934,0.1006618867,0.001856,-0.051807897,-0.006738038,0.0783940881,0.0852281513,-0.04821639,0.0536292481,-0.038373565
200508,0.0882562707,0.111117962,-0.01303992,-0.153224248,0.001856,0.0829156033,-0.012381801,-0.140376371,-0.108049169,0.0500420504,-0.076172189,0.0599136182
200509,0.0050552113,0.0223926037,-0.017468322,-0.007208358,0.001856,0.0098545138,-0.031516797,0.0123028994,0.0055182963,-0.011279694,0.0065315605,-0.007735381
200510,-0.055490089,-0.01576034,-0.010681784,0.0420181791,0.001856,-0.014005675,-0.008719914,0.0356012892,0.0194483268,-0.016556986,0.0222065447,-0.019265044
200511,-0.005967713,0.0358941513,0.0134862046,-0.049206108,0.001856,0.0337570775,0.012133145,-0.050056402,-0.029447597,0.0110302955,-0.025794053,0.0120431796
200512,0.0503335108,-0.055845229,0.014249437,0.0372163039,0.001856,-0.048065774,0.0073764328,0.0335101482,0.0415701386,-0.040634145,0.0434848498,-0.034687153
200601,0.0940595847,-0.0243118,0.0178908319,0.0154633656,0.001856,-0.046886327,0.0140087699,0.0290599257,0.0037868059,-0.032303802,0.028365111,-0.038618691
200602,0.0277670259,0.0012171182,0.0155287411,-0.0277723,0.001856,0.0178635235,0.0233841409,-0.061932677,0.004905377,-0.007315155,-0.021574905,0.0211669106
200603,0.0188829988,-0.020187539,-0.00388034,0.0912237112,0.001856,-0.027383045,-0.002227045,0.0786098627,0.0306132451,-0.036058363,0.0541595446,-0.031087622
200604,0.1115974128,-0.047617275,-0.001760774,0.0895202368,0.001856,-0.063776155,0.0260079777,0.1185254694,0.004622147,-0.011066904,0.0493244589,-0.053114444
200605,0.2097504722,0.0815078571,0.0269359665,-0.090705414,0.001856,0.0635098947,0.0186990087,-0.122071267,-0.109722357,0.0511700672,-0.085589833,0.0582604406
200606,0.0431995801,0.0317616534,0.011504104,-0.033875357,0.001856,0.0210965266,0.0259961823,-0.045164773,-0.022352171,0.0444926849,-0.020784363,0.0412691196
200607,-0.056830078,0.0581279119,-0.002919451,-0.005287413,0.001856,0.0519931782,0.0020244696,-0.019599649,-0.031236023,0.0249424896,-0.033717657,0.0406405721
200608,0.0301472678,-0.007378182,-0.006413585,0.0174095056,0.002076,-0.011822103,-0.008335311,0.0197749481,-0.000655349,-0.007985091,0.0004169002,-0.001011563
200609,0.0397635113,0.0252912197,-0.019467385,-0.006896949,0.002076,0.0252777308,-0.026399119,-0.020222258,-0.02243544,0.014628167,-0.036050064,0.0218705082
200610,0.0125989454,-0.019977484,0.0129205115,-0.022386601,0.002076,-0.007614943,0.0140091184,-0.00429958,0.0465544896,-0.016397836,0.0314154012,-0.019172512
200611,0.1083885873,-0.116265669,-0.010197309,0.0542113422,0.002076,-0.070670771,-0.00581884,0.0626430842,0.1170879253,-0.080120959,0.0761401218,-0.044050865
200612,0.1152845356,-0.094675107,0.0108950506,0.0771734148,0.002076,-0.049289208,0.0022707548,0.0660194781,0.0838690793,-0.029946315,0.0528656928,-0.022369193
200701,0.2078347378,0.0576085668,-0.002530154,-0.063349234,0.002076,0.0160980107,0.0043523693,-0.029718652,-0.072868822,0.0290775089,-0.028806286,0.0381388312
200702,0.1271769678,0.0965436498,0.0775305677,-0.10443317,0.002076,0.0617329554,0.0732721336,-0.09088276,-0.127440939,0.1045536134,-0.105968552,0.0585470723
200703,0.1242808001,0.1086852741,0.0301735217,-0.056306451,0.002296,0.0984422345,0.0177944359,-0.06654249,-0.080182665,0.0337438169,-0.083688588,0.0694577231
200704,0.3152750492,0.0523070077,0.1011198561,0.1025061489,0.002296,0.0326349186,0.120551891,0.0512424474,-0.114691981,0.0454554437,-0.083210659,0.0509618937
200705,0.1096969017,-0.029421254,-0.000713137,0.0056781862,0.002515,0.0073393248,-0.020477794,-0.00317377,0.0330115401,-0.037220128,-0.008794321,0.0190915446
200706,-0.109027754,-0.112613611,-0.076029196,-0.006454284,0.002515,-0.077066564,-0.060877995,0.0121796865,0.1793372564,-0.070659186,0.1474567622,-0.073309094
200707,0.1979019947,0.0808560953,0.0373494023,-0.022269906,0.002734,0.0758929409,0.0476167677,-0.081258696,-0.047078943,0.0219019849,-0.044232722,0.017642806
200708,0.1357233232,-0.02384085,0.0087351066,0.0074633725,0.002952,-0.000777415,0.0046788121,-0.033973354,0.0225430113,-0.012512811,-0.010470998,0.0141669154
200709,0.0500789748,-0.011810581,0.0424992681,0.0287168135,0.003169,-0.003781655,0.0187569617,0.0167176969,0.0450857919,-0.008437858,0.0265307662,-0.00948594
200710,-0.05288482,-0.070804133,-0.061431588,0.0780207838,0.003169,-0.02863602,-0.027530426,0.0417572904,0.1225015359,-0.088726346,0.07079068,-0.04016719
200711,-0.142210281,0.0981200617,0.0359590464,-0.128893269,0.003169,0.0769475611,0.0045326561,-0.126284165,-0.098577123,0.074911347,-0.078896569,0.0454057659
200712,0.1812264561,0.0236257596,0.0063871368,-0.024781847,0.003386,-0.000548854,-0.011129282,-0.00150944,-0.03520177,0.0362005275,-0.004374434,0.0097193371
200801,-0.093652304,0.038260902,0.0032324393,-0.022530087,0.003386,0.0115953581,-7.059594E-6,-0.037369908,-0.026229934,0.0179219761,-0.01114089,0.0038692122
200802,0.0451149955,0.0779691871,0.0445461898,-0.039158839,0.003386,0.0559230082,0.0453396948,-0.02217393,-0.045526733,0.0479925313,-0.043204904,0.0227709342
200803,-0.200782249,0.0210251906,-0.015730529,-0.01616481,0.003386,0.0293506078,0.0032524487,-0.0348268,-0.000109626,-0.016170755,-0.010846379,0.0117464406
200804,-0.02236899,-0.065463351,0.0060797385,0.0308031655,0.003386,-0.051805913,-0.002258743,0.0492334501,0.0510043293,-0.029936047,0.0496628465,-0.024935248
200805,-0.058909795,0.0388628275,0.0201268057,-0.017635891,0.003386,0.0300972344,0.0096184689,-0.034416509,-0.012865156,0.0128558954,-0.02639161,0.0129558875
200806,-0.241360243,-0.015407199,-0.037614112,0.0175058149,0.003386,-0.005702442,-0.023000368,0.0089987207,0.0157319289,-0.024212715,0.0143318275,-0.010235773
200807,0.0445270415,0.081672915,0.0059618632,-0.041937738,0.003386,0.0565939209,0.0127112968,-0.040940424,-0.040004457,0.0423874857,-0.031233319,0.0249495942
200808,-0.218656255,-0.013545579,0.0172846297,-0.025151401,0.003386,0.005250987,0.0292090162,-0.025336918,0.0190656986,-0.020659367,-0.007783936,0.0081665115
200809,-0.04249161,-0.071234985,0.0468800604,-0.035291825,0.003386,-0.041907581,0.0247671467,-0.032496817,0.0206128029,-0.016799817,0.0184862881,-0.024612005
200810,-0.274331802,0.022323224,0.013091874,0.0210702387,0.002952,0.0223581203,0.0152346098,0.0074485097,-0.014357089,0.0516841197,-0.01601253,0.0408101935
200811,0.1652415005,0.0445677741,0.0002924231,-0.038410102,0.002076,0.0313436202,-0.001483342,-0.066469216,-0.020089,-0.024083235,-0.022719394,-0.009764602
200812,0.005643732,0.0723598903,-0.058976029,0.0004035304,0.001856,0.0408311026,-0.074723611,-0.025503936,-0.04630574,0.0131162923,0.0002359261,-0.000294801
200901,0.1302196534,0.0270512321,0.0048489631,-0.142251022,0.001856,-0.010132592,0.0001304308,-0.076194937,-0.031878909,-0.023953556,0.0090790637,-0.028182711
200902,0.0610956435,0.0282544007,0.0179551733,-0.045256221,0.001856,0.0097571423,0.0229725111,-0.07642151,-0.045194532,0.0416736046,-0.027414137,0.0278669827
200903,0.1876350029,0.0521752102,-0.01639017,-0.073736514,0.001856,0.0318092319,-0.020955454,-0.079007644,-0.046037004,-0.021712243,-0.013535067,-0.013031959
200904,0.0598062113,0.0143313316,-0.00168263,-0.005136637,0.001856,0.0231126023,0.0119567676,0.0011042639,-0.006533371,0.003821445,-0.008348655,-0.002153226
200905,0.0496918965,0.0379876902,-0.001856606,-0.02235742,0.001856,0.0275551601,0.0007515025,-0.032912626,-0.017630036,-0.008201492,-0.027141884,0.0116616126
200906,0.0826148856,-0.024387387,-0.008056188,-0.014335983,0.001856,0.0096999969,-0.002523428,-0.012310495,0.0523200346,-0.020594129,-0.003311791,0.0121894363
200907,0.1695557932,-0.035672218,0.0841220069,-0.077293851,0.001856,-0.019839045,0.0474855049,-0.052045575,-0.036888795,-0.0034486,0.0145620487,-0.018630565
200908,-0.1915674,0.0391721974,-0.061528436,-0.073585712,0.001856,0.0215129859,-0.041488434,-0.039845823,-0.004615305,0.0186389269,0.0007014212,0.012273052
200909,0.0390827905,-0.011296614,-0.018893032,0.0187158316,0.001856,-0.003859576,-0.011857785,-0.002802537,0.0406993266,-0.028879812,0.0190770996,-0.01393487
200910,0.1003463664,0.0273088473,0.0161575295,0.0664403448,0.001856,0.0105402668,0.0129963145,0.0264022887,-0.025083259,0.033671814,-0.009830594,0.0090706177
200911,0.109303432,0.0482075983,-0.00422387,-0.002719784,0.001856,0.0194327424,0.0094817834,-0.038818795,-0.01351522,0.049686753,-0.005188304,0.013607279
200912,0.0244651226,0.0179988004,0.0329256243,-0.053840869,0.001856,0.0305545357,-0.000409439,-0.028254436,-0.016169776,0.0120849533,-0.004933634,0.0060544466
201001,-0.077343947,0.0625244486,-0.041583916,-0.061167426,0.001856,0.0222237773,-0.020697649,-0.031278243,-0.022553065,0.0385314109,-0.015475495,0.0187389651
201002,0.0374506686,0.0378406428,0.0078285246,0.0307341702,0.001856,0.0212498176,0.0106341513,0.005928936,-0.034178768,0.0343035867,-0.025834877,0.0212032615
201003,0.0137733781,0.0336236981,-0.00008108,-0.003885948,0.001856,0.0321342909,0.0026055999,-0.009805459,-0.006856865,0.0172829806,-0.014105529,0.0184795048
201004,-0.079242228,0.0075800525,-0.042527322,0.0552671196,0.001856,-0.005938564,-0.039715198,0.0077874403,0.0121361242,0.0067803985,0.0306608007,0.0040603018
201005,-0.089008375,0.0045033619,-0.051872486,0.0626246928,0.001856,0.0023744374,-0.03857198,0.0564901295,0.0345909004,-0.006740897,0.0162774869,-0.011627642
201006,-0.092482431,-0.00966492,-0.006916041,-0.028648327,0.001856,0.002770901,-0.004522017,-0.018705555,-0.000859063,-0.007956254,0.0062667633,0.0035721919
201007,0.1446077925,0.0233761619,0.006378089,-0.032952017,0.001856,0.020446992,0.0203249552,-0.04915276,-0.01232123,0.0067182585,-0.005941703,0.0008172293
201008,0.0556399333,0.0460268114,-0.063053853,0.096158031,0.001856,0.022588811,-0.038916467,0.0573360041,-0.023594629,0.0059611122,-0.013067061,0.020513632
201009,0.0244597883,-0.015748535,-0.030750995,0.0404764128,0.001856,-0.012321148,-0.019441096,0.014490881,-0.011032855,-0.010626714,-0.012734504,0.0009611035
201010,0.1179633421,-0.042331074,0.0058130507,-0.06766916,0.00206,-0.030849774,0.0182514195,-0.037717716,0.0081703612,-0.029759988,0.0123555068,-0.027911237
201011,-0.038305737,0.0578115727,-0.045457354,0.0726139815,0.00206,0.0344214919,-0.026608182,0.0544053532,0.0106354297,-0.002604339,-0.002476258,0.0219004038
201012,-0.010766096,-0.002867847,0.0159334733,-0.025305266,0.002263,0.0109431834,0.0026186733,-0.005078135,0.0199883354,-0.025712978,0.007047854,-0.022160218
201101,-0.025178067,-0.018451459,0.0587628875,-0.095805495,0.002263,-0.000875,0.0438917725,-0.057943323,-0.004612106,0.0054524875,-0.015511425,0.0127918243
201102,0.0612419965,0.0421747039,-0.025169813,0.0405605364,0.002466,0.0130937077,0.0021961162,0.016079321,-0.055585906,0.0373559803,-0.034250331,0.0151736097
201103,-0.005185615,0.0158124164,0.0281726382,-0.036012585,0.002466,0.0185918129,0.0225065921,-0.05388357,0.0034385197,0.0054997493,-0.031174678,0.0195200572
201104,-0.022112529,-0.006863472,0.0121050467,-0.046499016,0.002669,-0.001398065,0.0178881547,-0.027493974,0.0150385564,-0.005785707,-0.011109891,0.0124312849
201105,-0.06978379,-0.001133876,-0.007241954,0.0019239323,0.002669,0.0097990469,0.0010891336,-0.007914032,0.019331593,-0.016770533,0.0095714117,-0.008978489
201106,0.0299610392,0.0085151485,-0.011989549,0.0548178952,0.002669,0.0152697043,-0.006524647,0.038754588,-0.008481688,-0.00303029,-0.011886773,-0.001739881
201107,-0.008060514,0.0178496873,-0.054568716,0.0126217386,0.002871,0.0143299285,-0.047171666,0.003996868,-0.011845318,-0.006601738,-0.009224781,-0.000276492
201108,-0.053821563,0.021453126,-0.029097022,0.0038033483,0.002871,0.0200102852,-0.01714151,-0.019696157,0.0059564232,-0.02834389,0.0037724557,-0.010397779
201109,-0.097643875,-0.016924476,0.0345193016,-0.027388176,0.002871,0.0034165476,0.0137479031,-0.034011071,0.0264546005,0.0110495724,-0.005853915,0.0168521941
201110,0.028395086,0.0123157027,-0.003224801,-0.016555382,0.002871,0.008427336,-0.004089754,-0.013377329,-0.008002591,0.0020261542,0.004488428,-0.006723516
201111,-0.053769932,0.0111656413,-0.03155729,-0.001973057,0.002871,0.0109501987,-0.029481768,-0.018857913,-0.003430526,0.0113798524,-0.011496296,0.010679647
201112,-0.095586616,-0.067450137,0.0537925681,0.0725200371,0.002871,-0.02403239,0.0280363788,-0.01360412,0.1078324502,-0.057521181,0.0640657543,-0.049811638
201201,0.0254664312,-0.042083365,0.0339874615,-0.035901609,0.002871,-0.027623495,0.022993743,-0.044609666,0.0192519257,0.0083840148,0.0050469903,0.0177307291
201202,0.0790071647,0.0440903348,-0.03609041,-0.073905948,0.002871,0.0179007499,-0.016431364,-0.044048442,-0.047744549,0.0027218018,-0.016531679,-0.005760164
201203,-0.076929278,0.0069087902,-0.003884377,0.0432009711,0.002871,0.008879211,-0.000935918,0.0341234309,0.0138280067,0.0052440709,0.004473889,0.005654285
201204,0.058555507,-0.003145186,0.0171933831,-0.049216312,0.002871,-0.017614994,0.0392791829,-0.051834253,-0.013562649,-0.016287517,0.0089752808,0.0065351444
201205,0.002491337,0.0152035847,-0.033243722,-0.007312679,0.002871,0.0111694649,-0.018042789,0.0152014173,-0.01114816,-0.018329719,0.0053964591,-0.012035389
201206,-0.065063871,0.0075273434,-0.021777662,0.0559410675,0.002669,0.0194810567,-0.024937598,0.0384894908,0.0249536306,-0.019629217,-0.00150025,0.0114252296
201207,-0.062563104,-0.039405798,0.0056984511,0.0580392378,0.002466,-0.019190644,0.0045128461,0.0348367321,0.0410609204,-0.03083873,0.0246688654,-0.014634555
201208,-0.02819893,0.0723937187,-0.008451345,-0.034586643,0.002466,0.0467824204,-0.023875049,-0.031547618,-0.052553198,0.0432239927,-0.056707996,0.0245009308
201209,0.02745369,-0.03183115,-0.013356546,-0.008769383,0.002466,-0.013263047,-0.004983887,-0.019115666,0.0353085494,-0.037860041,0.0217888175,-0.0082748
201210,-0.010726071,0.0199518818,0.0100549905,0.0056020863,0.002466,0.0084474763,0.0097908423,-0.008278048,-0.009885841,0.0057556562,-0.012635051,0.0159517229
201211,-0.076474239,-0.030049617,0.04770246,0.0516476595,0.002466,-0.008894227,0.0288974591,0.0049869853,0.0400757646,-0.005220107,0.0112154897,0.0050028404
201212,0.1374412069,0.0191233143,-0.002959594,-0.042333207,0.002466,0.0023138527,-0.006904635,-0.013228049,-0.012587162,-0.007213703,0.0226619705,-0.017836036
201301,0.036694046,0.0358798724,-0.010988384,-0.036802086,0.002466,0.0098377832,-0.017564676,-0.009165455,-0.049355479,0.0260369442,-0.030009301,0.0007190233
201302,0.0076391298,0.031887628,-0.020214941,0.0260098774,0.002466,0.0173303118,-0.014488437,0.0127063823,-0.021147878,-0.000071986,-0.013600716,-0.006317516
201303,-0.044633975,0.0253345559,-0.024249156,0.0522420592,0.002466,0.0182672986,-0.024312578,0.0405592322,-0.014295013,0.0142085342,-0.024714371,0.015127335
201304,-0.033265762,-0.000121157,-0.005234792,0.009225132,0.002466,0.0005024454,-0.005117909,0.0212669435,-0.005857377,-0.014085392,0.0021095988,-0.00278433
201305,0.0846590062,0.0709489485,-0.033685182,0.0238184972,0.002466,0.035134209,-0.033661587,0.0208031998,-0.061911628,0.0063372786,-0.034720576,-0.000732221
201306,-0.146490139,-0.001621207,-0.018742588,0.0626579381,0.002466,0.0144065262,-0.011099286,0.0477571161,0.0273735557,-0.016593002,-0.006225656,0.0036916032
201307,0.0400957104,0.0383579256,0.0005786043,0.0557487627,0.002466,0.0350166407,-0.013532745,0.0405913245,-0.021917885,0.0223478235,-0.035270132,0.0187610137
201308,0.0555192406,0.0331242935,0.015841168,-0.061634914,0.002466,-0.000514505,0.0374218017,-0.064853355,-0.057204652,0.0323636191,-0.02239558,0.0180327047
201309,0.042476073,0.009806694,0.0023466147,0.07830659,0.002466,0.0094819058,-0.000510683,0.0364461244,-0.025872001,0.019027274,-0.013700722,0.0038901229
201310,-0.027871841,0.0093418001,0.0317458425,-0.065106225,0.002466,0.0117426223,0.0252202289,-0.04176072,0.0059699412,0.0093558003,-0.005741691,0.0106527131
201311,0.0500590353,0.0527454771,-0.011581122,0.0370370703,0.002466,0.0556060622,-0.000850103,0.0396576635,-0.034933044,0.0117308995,-0.043766803,0.0090440958
201312,-0.042644229,0.0077408064,0.0125746111,0.0088281038,0.002466,0.0067887623,0.0181986233,0.0001584503,0.0133115011,-0.013139814,0.0125332343,-0.003777754
201401,-0.018291221,0.0711320348,-0.019566683,0.0987933537,0.002466,0.0580010888,-0.019912484,0.1353793465,-0.041083583,0.0053199505,-0.046103282,-0.001153574
201402,0.0147198778,0.0298102126,0.0142392608,-0.031942978,0.002466,0.0219321702,0.0118709105,-0.01279469,-0.024763042,0.0327290046,-0.034649785,0.0257528866
201403,-0.027787932,-0.006173739,0.0289385885,-0.084219392,0.002466,-0.007897848,0.0280085953,-0.082311865,0.0034999148,0.019621573,-0.00040252,0.015841034
201404,-0.014816316,0.0064472598,0.0042045948,-0.018597221,0.002466,0.0193032805,0.0042251993,0.001384205,0.0122141985,-0.006686691,-0.000957667,0.0014263044
201405,0.0126427076,0.0231646353,-0.001558896,0.0142038514,0.002466,0.0238932153,-0.009216287,0.02086572,-0.028857891,0.0107693249,-0.028958224,0.0074244461
201406,0.0258283292,0.0340450075,-0.004189283,0.0222574435,0.002466,0.039510684,-0.008424073,0.0281619662,-0.023002929,0.0187232157,-0.03475484,0.0205605064
201407,0.074750871,0.0025966202,0.051589002,-0.064336808,0.002466,-0.005048176,0.0564009563,-0.065253527,-0.010261073,0.0238591687,0.0033229487,0.0133920533
201408,0.0278702108,0.0454644326,-0.021344946,0.0267408343,0.002466,0.0357708934,-0.021202689,0.0156184091,-0.045681155,0.0108023906,-0.03852271,0.0114772356
201409,0.0896755201,0.0868646049,-0.000594412,0.0287239874,0.002466,0.0639048583,0.0152667421,0.01016594,-0.093003998,0.0462104414,-0.044934051,0.0380430345
201410,0.0126046839,0.0001075853,0.0158192756,-0.008341009,0.002466,-0.003164451,0.0191387418,-0.017888145,-0.003296444,0.0134751671,0.0092446718,0.0059731757
201411,0.0564115735,0.0033732288,0.0434035474,-0.025132358,0.002263,0.0085032118,0.0416456193,-0.013702734,-0.000165522,0.0107592508,-0.000768566,0.0147443671
201412,0.0933387322,-0.159639655,0.1572752048,-0.076981516,0.002263,-0.092598029,0.1171456128,-0.077093547,0.1537812276,0.0061243478,0.0889783933,-0.007924837
201501,0.0394398791,0.0236268435,-0.070215279,-0.103226724,0.002263,0.0175991867,-0.067218044,-0.056699652,-0.019206593,-0.038032287,-0.013225024,-0.021735982
201502,0.0503315875,0.0271334644,-0.040387514,-0.026825412,0.002263,0.0149387592,-0.035156778,-0.014423958,-0.02668289,-0.016955149,-0.014190967,-0.007429411
201503,0.1714308463,0.0818480643,-0.027205835,0.0166974346,0.00206,0.0420498813,-0.017004255,-0.004105819,-0.073827612,0.0028415455,-0.038851046,-0.00439069
201504,0.1993011745,0.0059235095,0.0637807663,0.09834308,0.00206,0.0250289336,0.0344375019,-0.011338982,-0.041991952,0.0931034871,-0.032746243,0.0370540604
201505,0.1133886196,0.1679272663,-0.179506241,-0.04667354,0.001856,0.1205934504,-0.13366247,-0.061153245,-0.153320382,0.0099315387,-0.115677272,0.035992928
201506,-0.090464585,-0.030230144,0.1054073862,-0.122696502,0.001652,-0.019502092,0.0872344531,-0.148989524,0.0324334009,0.0151280145,0.0296705048,0.0106118751
201507,-0.161064496,-0.056042677,-0.013125125,-0.057524615,0.001652,-0.028843749,-0.0240352,-0.034553508,0.0719407292,-0.009221511,0.0537794196,-0.0322294
201508,-0.142842101,0.0073748542,0.0220634365,-0.046296489,0.001447,0.0196148713,0.0250731066,-0.078700184,-0.022953636,0.0332526907,-0.011759958,0.0469721534
201509,-0.064157251,0.0337825239,-0.048677982,-0.059790481,0.001447,0.0287892439,-0.055861221,-0.065281597,0.0329945876,-0.038955941,0.0007227178,-0.03255761
201510,0.1611755887,0.0835218798,-0.058836331,-0.038498047,0.001241,0.0480040432,-0.053111765,-0.052941657,-0.094268493,-0.031302185,-0.064298871,0.0033423768
201511,0.0276679565,0.1142992836,-0.028113771,-0.020045289,0.001241,0.0873424227,-0.030968244,-0.033338444,-0.042125646,-0.03119008,-0.053188105,-0.003186035
201512,0.0411503199,0.0639505059,-0.005047736,-0.052198468,0.001241,0.0663110982,-0.002023564,-0.056994137,-0.00089663,-0.008662156,-0.031110974,0.0249714989
201601,-0.265316866,-0.045672187,0.0352263163,-0.098911632,0.001241,-0.013226229,0.0222531432,-0.059253638,0.0803150148,0.0271884958,0.0268913739,-0.00540943
201602,-0.020939765,0.0026754454,0.020156543,-0.024382347,0.001241,0.003000625,0.0253455646,-0.024743863,-0.002854422,0.0129469687,-0.007867598,0.0185161915
201603,0.1441244796,0.0618427222,-0.030298935,-0.027433318,0.001241,0.0457855799,-0.0254643,-0.02862139,-0.045306565,-0.046467322,-0.028606295,-0.021992503
201604,-0.022269671,0.0285293799,0.0165702675,0.0081515665,0.001241,0.0344784966,0.0141117756,-0.000262953,0.007127139,0.0087725161,-0.011748434,0.0197684575
201605,-0.011214514,-0.021148455,-0.018316412,-0.003660619,0.001241,-0.013708735,-0.01880929,-0.019747172,0.0185149217,-0.016195914,0.0147431798,-0.023072125
201606,0.0291761516,0.0392525558,-0.029862932,0.0237634371,0.001241,0.0315814877,-0.0322419,0.016497057,-0.025306633,-0.016436861,-0.020564826,-0.012810231
201607,0.0172278469,-0.022937231,0.0589025766,-0.040196743,0.001241,-0.010146382,0.0622684644,-0.064244877,0.0306457816,0.0072345677,0.0203739947,0.0239629614
201608,0.0343985544,0.0327033176,0.0138479187,-0.025688806,0.001241,0.0284435198,0.0162409084,-0.011338418,-0.00502701,0.0037989762,-0.008900832,0.0085542275
201609,-0.020996554,0.0368976884,0.0128655768,-0.001160861,0.001241,0.0360868342,0.0176709563,-0.003735093,-0.002590507,-0.0012869,-0.013199911,0.0155269018
201610,0.0322521956,0.0186281979,0.0168459299,-0.00590792,0.001241,0.0196361752,0.0085050322,0.0100371737,-0.015821386,0.0135594001,-0.019335429,0.0160504522
201611,0.0373638379,0.004472996,0.0352167086,-0.014088048,0.001241,0.0159545824,0.0199249135,-0.012496174,0.0064535393,0.0203381283,-0.009194189,0.0243249582
201612,-0.045324795,0.0272263987,0.0356035059,0.0164812836,0.001241,0.0286441854,0.0398953458,0.0205437131,0.0095249246,0.0460462439,-0.012131266,0.0427285706
201701,0.0054397665,-0.033668896,0.0430613991,-0.006583053,0.001241,-0.020292046,0.03807359,0.0020825556,0.0223901503,0.0424419539,0.001824124,0.021933638
201702,0.029296415,0.0117190063,0.0044582006,-0.004700455,0.001241,0.0054413432,0.0089338922,-0.002129318,-0.017316226,-0.015558923,-0.00510806,0.0054112606
201703,-0.005990434,-0.025361395,0.0069290648,0.042898173,0.001241,-0.013107138,0.0136562306,0.022168162,0.0454593805,-0.030922807,0.0330626507,-0.020388633
201704,-0.02484349,-0.052536065,0.0338131745,0.0500206541,0.001241,-0.034214744,0.0335012522,0.022389407,0.0671242264,-0.030877797,0.0512487945,-0.027139658
201705,-0.038092118,-0.05082008,0.0215255607,0.0569392936,0.001241,-0.017143248,0.0196203081,0.0095639659,0.0698906245,-0.004530879,0.0275669654,-0.009930925
201706,0.0480073624,-0.019849963,-0.00416448,0.0022195191,0.001241,-0.015155581,0.0086990788,0.0021807425,-0.006374833,-0.026054804,0.0082334126,0.001072002
201707,0.0180304339,-0.014353271,0.0600742956,0.0289586142,0.001241,-0.02273495,0.060841857,0.040941718,-0.01913736,0.04934466,0.0089805563,0.0370865677
201708,0.018742372,0.0044973891,-0.029293705,-0.042391444,0.001241,0.0061502667,-0.022281664,-0.035465252,-0.018361979,0.0031329807,-0.01706236,-0.002654102
201709,0.015795088,-0.00602984,-0.026004036,-0.017761276,0.001241,-0.000626206,-0.020976391,-0.022126326,0.0048832444,-0.026211386,-0.000471614,-0.022019786
201710,0.0150933929,-0.054263734,-0.009841566,0.0679971442,0.001241,-0.01647766,-0.006044286,0.0285708253,0.0560547196,-0.059150229,0.0322302873,-0.024679192
201711,-0.03389608,-0.03365921,0.0408955221,0.054935667,0.001241,-0.019223073,0.0358434007,0.0362967662,0.0487695448,0.0095361908,0.0187031438,0.0064820861
201712,0.0045758706,-0.029220692,-0.000198911,0.0460586747,0.001241,-0.009393301,0.00826447,0.0296162122,0.0338161913,-0.02395331,0.0179787629,-0.01019552
201801,0.0213505108,-0.055501538,0.0597715844,0.0691827346,0.001241,-0.02216051,0.0437739147,0.028121731,0.0824540022,0.0037142532,0.0394840987,-0.006671764
201802,-0.047140627,-0.015374773,-0.025597815,0.017766767,0.001241,-0.019140691,-0.00938754,0.0369425995,-0.010195166,-0.031283759,0.0158596534,-0.032028911
201803,-0.005750704,0.0394313528,-0.08096472,-0.105427439,0.001241,0.024138269,-0.076756842,-0.087348615,-0.052889508,-0.036193244,-0.028560308,-0.016914414
201804,-0.036901706,-0.009256829,-0.006878468,0.0369398814,0.001241,-0.000713664,-0.006085878,0.0261676088,0.0192479342,0.0208081031,0.0033475013,-0.000028754
201805,0.0121856325,-0.03356896,-0.00393556,0.0511076415,0.001241,0.0135388198,0.0096865858,0.0019573883,0.0713962432,-0.013265512,0.0441156845,0.0022708085
201806,-0.082491996,-0.026189124,0.0084365333,0.0628100155,0.001241,-0.000674872,0.0161612438,0.0255889886,0.0506152033,0.0016364196,0.0243042346,-0.000407948
201807,0.0013833171,0.0161161608,0.0398960548,-0.038395105,0.001241,0.0153335199,0.0376703289,-0.050442467,-0.007762861,0.033722337,-0.016428614,0.0270501757
201808,-0.065983566,-0.002976865,0.0280548619,0.0147705798,0.001241,0.0016693152,0.0178591063,0.0076777861,-0.004230961,0.0402130807,-0.010831921,0.0180075146
201809,0.0185178241,-0.026617953,0.0204364969,0.0138185737,0.001241,-0.003358501,0.0213398881,-0.021362635,0.0264933722,0.0468658893,-0.005335,0.016747925
201810,-0.111910813,0.0324035948,0.0344274568,-0.0072848,0.001241,0.0312585006,0.0113805759,-0.011527287,-0.015953167,0.0347556786,-0.005000806,0.0183865737
201811,0.0205920889,0.0459595813,-0.021430562,-0.085013435,0.001241,0.0206502644,0.0019887858,-0.067678851,-0.048166667,-0.031483538,-0.034490943,0.0147795017
201812,-0.039111278,-0.002655868,-0.006420268,0.0304176019,0.001241,0.0103571689,-0.00889815,0.0092168025,0.0074770951,0.0163955,0.0036906929,0.0081999018
201901,0.0219714854,-0.05695774,0.0131199139,0.032937357,0.001241,-0.02553834,0.0348737233,0.0165033127,0.0513941551,-0.027529538,0.0152671659,-0.008002191
201902,0.1615687248,0.0629956787,-0.031841094,-0.159105512,0.001241,0.015368344,-0.025800489,-0.092656824,-0.102815368,-0.024621346,-0.052431633,-0.006837664
201903,0.0802783654,0.0317380229,-0.023196801,-0.008301605,0.001241,0.0068343004,0.0010935713,0.0025141725,-0.044454022,-0.02215855,-0.029886039,0.0065499309
201904,-0.017474327,-0.019538624,0.0059685749,0.0480950505,0.001241,0.0053735497,0.026961515,0.0070127352,0.0408536322,-0.008416675,0.0039126278,0.0075296338
201905,-0.060885665,0.0129031852,-0.00673477,0.0378516804,0.001241,0.0235895484,-0.008674217,0.0025917188,-0.011074374,0.0277097818,-0.027577399,0.0297074168
201906,0.0260747342,-0.038150322,-0.030670295,0.0184491815,0.001241,-0.006363498,-0.013807061,-0.007206611,0.0399575935,-0.014620123,0.0198589794,-0.002523048
201907,-0.006205142,-0.019941387,-0.019235612,0.0069476544,0.001241,-0.00301272,-0.018228826,-0.000396572,0.0259315321,-0.020646903,0.0309653834,-0.024857585
201908,0.0005443003,-0.021642923,-0.067009308,0.0588261122,0.001241,-0.011178584,-0.040456526,0.0252012757,0.0245948668,-0.055611113,0.0100504256,-0.016454764
201909,0.0021495654,0.0168453041,-0.006203312,-0.016441498,0.001241,0.0126656384,-0.018318356,-0.005908313,0.0206678944,-0.008203601,0.0211266441,-0.021605563
201910,0.003127452,-0.010187446,-0.017792557,0.0349802677,0.001241,-0.003656433,-0.004217555,0.0161371507,0.0068412606,-0.022926315,0.0078730695,-0.011142231
201911,-0.01424826,-0.011005832,0.0101680765,-0.00471134,0.001241,-0.00678447,0.0091464828,-0.007823338,0.0196011923,0.0054403333,0.0126365766,0.0054748705
201912,0.0701250206,0.0129756492,0.0003034173,0.0141836035,0.001241,0.0097244531,-0.007631621,0.0054633651,0.0044189275,-0.015701464,0.0057290969,0.00132691
202001,-0.003885042,0.0183412462,-0.041904797,0.0449444991,0.001241,-0.004002722,-0.03619797,0.0549866362,0.0123577923,-0.017306488,0.0241302267,-0.030732551
202002,0.000717881,-0.000455941,-0.040651971,0.0689326965,0.001241,-0.014778174,-0.027411208,0.0576759058,-0.007280617,-0.017054192,0.0075073496,-0.022481668
202003,-0.056973326,0.0242094339,0.0164886797,-0.032028016,0.001241,0.0364068314,0.0295457815,-0.068740595,-0.021692409,0.0073502652,-0.032211282,0.0037452735
202004,0.0491908246,-0.036986789,-0.048976186,0.0917744826,0.001241,-0.025459268,-0.0272433,0.0757918087,0.0492927582,-0.063212479,0.0427174146,-0.038039394
202005,0.009564898,0.0140526024,-0.031272279,0.0291365715,0.001241,0.0034980546,-0.018713745,0.0112769099,0.0102288995,-0.03445378,0.0121590054,-0.019288206
202006,0.0849485078,-0.006164457,-0.083930956,0.1090280751,0.001241,-0.006221998,-0.052464397,0.0762468058,0.0502513565,-0.052611948,0.0343874,-0.027192082
202007,0.1385710386,-0.003887601,0.0097419389,0.0404369349,0.001241,-0.004362945,0.034399136,0.002413965,0.0045361546,-0.004131869,0.0024590262,0.0008158146
202008,0.0242368254,0.0201377764,-0.001866076,-0.014105224,0.001241,0.030341682,-0.006910013,-0.046517496,0.0072737379,-0.004031242,-0.009330178,0.012145137
202009,-0.064277707,-0.004311163,0.0058215822,-0.014160549,0.001241,0.0160484802,0.0038029662,-0.026064505,0.0225697538,-0.012475998,-0.000331757,0.0126884107
202010,0.0102345079,0.0022470262,-0.019208866,0.0171332485,0.001241,0.0257419905,-0.013312114,0.0139398266,0.0324378874,-0.023490721,0.0141602577,0.0024773626
202011,0.0351038033,-0.021678942,0.0732786326,-0.051663293,0.001241,-0.006929373,0.0618005744,-0.064046403,-0.026376764,0.0233734191,-0.009673307,0.0085197718
202012,0.0412595468,-0.086447811,-0.040119999,0.1680985259,0.001241,-0.047804312,0.0062811992,0.0759038213,0.0873817499,-0.115952912,0.0334329533,-0.022874202
202101,-0.00118862,-0.093145669,-0.038032979,0.088803998,0.001241,-0.047445989,-0.017485303,0.0507546307,0.0947405259,-0.074237111,0.051881376,-0.032312998
202102,0.0002778994,0.0340760016,0.0550727529,-0.062080496,0.001241,0.0233559795,0.035091766,-0.035773664,-0.036115423,0.0487219024,-0.013517687,0.0210273594
202103,-0.02972557,0.0588633338,0.0470719513,-0.041240857,0.001241,0.0305993305,0.0478980406,-0.030380354,-0.03925296,0.0608305744,-0.018601358,0.02262803
202104,0.0254397189,-0.020204404,-0.015811016,0.0681237399,0.001241,-0.013156016,0.0018638419,0.033853335,0.023726733,-0.022576594,0.0087671524,-0.003195991
202105,0.0475638259,0.0283436825,-0.009800763,0.0034174755,0.001241,0.0168613982,-0.008148775,0.0032416858,-0.021242722,0.0015303307,-0.033198586,0.0233352253
202106,0.0141943277,0.0235324157,-0.02664446,-0.002416062,0.001241,0.0159645926,-0.041119737,0.0012285473,-0.014446051,0.0108344368,-0.012964935,0.0105528394
202107,-0.031180248,0.0245135196,-0.001955252,0.0370819778,0.001241,-0.001858421,-0.025206934,0.0812367282,-0.082004168,0.0213665359,-0.004486264,-0.022000992
202108,0.0365683454,0.0107779081,0.1031754303,0.0492260491,0.001241,0.0008558721,0.0837480532,0.0597222128,-0.081099263,0.1018931392,-0.029082673,0.0309089216
202109,0.0009477198,-0.018898033,0.0403855192,-0.092626214,0.001241,-0.003570697,0.0434920864,-0.061225532,0.0557758306,-0.004374069,0.0014600512,0.0042056503
202110,-0.004044905,-0.009778201,-0.07619329,0.0121710909,0.001241,-0.006598399,-0.055131866,0.0028842464,0.0153499526,-0.066376544,0.0154206984,-0.026542138
202111,0.0252126509,0.0940821274,-0.035435904,-0.04975082,0.001241,0.0427566753,-0.043875228,-0.032737565,-0.026234457,-0.000673496,0.0061429361,-0.013076321
202112,0.0173602388,0.0112629582,0.0648448279,-0.105065023,0.001241,0.0142599041,0.0587878469,-0.081596266,0.0003743218,0.0280789384,-0.029501489,0.020554309
202201,-0.098944179,0.0071827716,0.040255842,-0.034436373,0.001241,0.0284851436,0.0362782399,-0.051823654,-0.000320237,0.0201489272,-0.015764247,0.0152425609
202202,0.0327625097,0.0187335554,0.0346417607,0.0543623807,0.001241,0.0081263501,0.0215649148,0.0354498803,-0.029494162,0.0498579034,-0.020589184,0.0141157373
202203,-0.077312652,0.0462393274,0.0766088265,-0.000969833,0.001241,0.0408590565,0.0816320255,-0.019984795,-0.031411698,0.0355152646,-0.047436314,0.0342440952
202204,-0.084161181,-0.091415758,0.0242644503,-0.080684102,0.001241,-0.038861634,0.0351134806,-0.04130549,0.0751710813,-0.023007331,0.0277389869,-0.011949174
202205,0.0643597393,0.0545192829,-0.010073267,0.0137660526,0.001241,0.0202302084,-0.014787922,0.006838043,-0.048700013,0.0397379236,-0.009946893,0.0062744881
202206,0.09173485,-0.023342509,-0.077666607,-0.076031513,0.001241,-0.024446066,-0.055618359,-0.039449146,0.018410352,-0.067562147,0.0370208687,-0.034962701
202207,-0.027799018,0.0776595421,0.020867153,0.0236338364,0.001241,0.0441707964,0.0001071816,0.0142374049,-0.049881866,0.0541631608,-0.025593682,0.0156823629
202208,-0.026892535,0.0016171227,0.0278199043,0.0077591953,0.001241,0.0170424515,0.0217823698,-0.01934466,-0.009248854,0.0126038873,-0.025077302,0.0227704013
202209,-0.070861174,-0.023566576,0.0221734894,0.0330977227,0.001365,-0.002666325,0.0218565411,0.0149071745,0.0236645415,0.0043599202,0.0099732594,0.001612357
202210,-0.038680451,0.0767023746,-0.010385889,-0.069918871,0.001365,0.0268491993,-0.03701891,-0.018793534,-0.074873141,0.0604393325,-0.011976802,0.0122047808
202211,0.0805259697,0.0048536435,0.0423796617,-0.042425189,0.001365,0.0121317363,0.0476473872,-0.0027799,-0.008219317,0.0290623823,-0.023560401,0.0326489009
202212,-0.020750915,-0.015837571,-0.032271855,-0.058710151,0.001365,-0.002095073,-0.009242617,-0.012776314,0.0195362772,-0.043938679,-0.010428977,-0.006695801
202301,0.068047196,0.0022579678,-0.019494027,-0.04959838,0.001365,0.0022584596,-0.023072879,-0.038412536,0.0313595103,-0.028587023,0.0271985984,-0.022701011
202302,0.0067820303,0.0232086334,0.0219870057,-0.011505751,0.001365,0.008221731,0.0117772864,-0.025099195,-0.01352738,0.0423965276,0.0046077806,0.0067121946
202303,-0.006301144,-0.019059846,-0.000725024,0.0036330424,0.001365,-0.005377442,-0.015508579,-0.015923038,-0.006696431,0.0252642988,-0.003537799,0.0035910068
202304,-0.015135406,-0.021845366,0.0690729564,0.0251026358,0.001365,-0.010326873,0.0477642348,0.0199596412,-0.006754388,0.0612462662,0.0055163956,0.0069221977
202305,-0.03850666,0.0627876473,0.004897874,0.0298536903,0.001365,0.0418936396,0.0010547602,0.0450011971,-0.031391386,0.0248223685,-0.00832271,-0.008803581
202306,0.0220251989,0.0083235023,-0.003623102,-0.004841373,0.001365,0.0154703533,0.0019997741,0.0009809915,0.0262210158,-0.013770332,0.0012176897,-0.003888522
202307,0.0231025261,0.0042611835,0.0242145391,-0.069112366,0.001365,0.0220398649,0.0395744793,-0.078312256,-0.005597793,0.0160496305,-0.031402158,0.0416674995
202308,-0.057358518,0.0202635449,0.0001660696,0.0352387344,0.001365,0.027283414,0.0007996902,0.0339643305,0.0061950685,0.0088730064,-0.015849155,0.0151291549
202309,-0.009933912,0.0134839736,0.0223851874,0.0035538534,0.001283,0.0077663606,0.0124774824,-0.005749165,-0.007171303,0.0054974553,-0.008855601,0.0044428599
202310,-0.028237549,0.0376877549,-0.009998594,-0.024465464,0.001283,0.0253285079,-0.002049919,-0.011927002,-0.033266608,0.0028804938,-0.024933152,0.0151799634
202311,0.0047714953,0.0531933904,0.0018764526,0.0276722331,0.001283,0.03568943,-0.006167243,0.0234388926,-0.025893987,0.0380598088,-0.024821883,0.0194116591
202312,-0.021698397,0.0061183408,0.009392878,0.011094178,0.001283,0.0154218342,0.0041725465,0.010439008,0.0182450471,-0.01668986,0.0100016518,-0.005488404
202401,-0.109442116,-0.100722511,0.0883577244,0.0845906575,0.001283,-0.040822026,0.0681948206,-0.004262782,0.0268100325,-0.003732652,0.0088941062,0.005479916
202402,0.0943918069,-0.099467122,-0.050052081,-0.03197688,0.0012,-0.101696838,-0.054871739,-0.013557941,0.0476278796,-0.05105215,0.082048622,-0.060276704
202403,0.0248873165,0.058980699,0.0180660654,0.0438647984,0.0012,0.0628265525,0.0161898315,0.0117578041,-0.003649101,0.0010049847,-0.031475975,0.021288024
202404,0.0110726599,-0.051535374,0.0198799793,0.0349394524,0.0012,-0.04082502,0.034392564,0.011043275,0.0455875333,-0.036566871,0.0698932476,-0.05151115
202405,-0.011650437,-0.006242022,0.0247635647,0.0100124647,0.0012,0.0046359255,0.0183207467,0.0220977573,0.0183875955,-0.015973045,0.0305158559,-0.025669653
202406,-0.047201185,-0.048507362,0.0364424913,0.0983161763,0.0012,-0.007388216,0.0213712768,0.0537396107,0.024085955,-0.015096431,0.0267809717,-0.01413637
202407,-0.011693641,0.0376883954,-0.001884886,-0.051420703,0.001118,0.0287343115,0.0049632355,-0.059099378,-0.055950101,0.0228138807,-0.052055635,0.0574657422
202408,-0.038626742,0.0196982592,-0.00670262,0.0103890136,0.001118,0.0310812712,-0.007478349,-0.038970739,0.0207988481,0.00372944,-0.018905466,0.0218095576
202409,0.1967140121,0.0278949212,-0.063001003,-0.139406873,0.001118,-0.004691921,-0.040857121,-0.083960811,-0.027269151,0.0175214012,-0.025895449,0.0232928092
202410,-0.003887419,0.1232678895,-0.035268228,-0.086878245,0.001118,0.0469902593,-0.061561212,-0.014413442,-0.130660033,0.0737644252,-0.110251968,0.0712476809
202411,0.0068121634,0.0481714598,0.0083406877,-0.080758028,0.001118,0.0445794673,0.0094089231,-0.102276743,-0.033177507,0.0114502654,-0.017897481,0.0214611485
202412,-0.014054779,-0.052995304,0.0187568319,0.0540992863,0.001118,-0.024407608,0.0147001565,0.0087165454,0.0432710872,-0.028646755,0.0419513387,-0.026461476
202501,-0.030298192,0.0072036631,-0.014312434,0.0232249086,0.001118,0.0059770331,-0.010425245,0.0109170006,0.0176837133,-0.022770847,0.0229085245,-0.021169689
202502,0.0328779668,0.0508791647,-0.038519712,-0.005667323,0.001118,0.0157051564,-0.037945419,0.00452225,-0.042800685,0.0152217438,-0.034812822,0.0190248568
202503,0.0001626951,-0.012727225,0.0083671232,-0.046098958,0.000912,-0.002947504,0.0108426834,-0.042674741,0.0269882897,-0.021406513,0.0223736906,-0.030244817
202504,-0.089487881,-0.017911637,0.0339204676,-0.047297672,0.000912,-0.005503277,0.0331540266,-0.046437203,0.0066450813,0.0006113291,-0.001991443,0.0030698722
